User,Password,LoggedTime
afernandez,!mhp4d$#,2018-04-05 17:08:21
afernandez,#U4BRT2,2018-04-05 21:52:11
afernandez,~YD?68T7,2018-04-05 21:52:11
afernandez,~2%qaxu$,2018-04-05 21:52:11
afernandez,NEx^qWd,2018-04-05 21:52:11
afernandez,8w$prT3L,2018-04-05 10:16:22
afernandez,G5D3VDf,2018-04-05 21:52:11
afernandez,XL#S!7Y,2018-04-05 21:52:11
afernandez,gt#qc#D3,2018-04-05 13:31:33
afernandez,P#WT?8+,2018-04-05 11:25:45
afernandez,Wb>LpU?,2018-04-05 21:52:11
afernandez,~!SFKa$,2018-04-05 17:08:21
afernandez,$9RHWN9X,2018-04-05 21:52:11
afernandez,>a5nF%Hx,2018-04-05 21:52:11
afernandez,5+&D!B8,2018-04-05 21:52:11
afernandez,PG4$33~,2018-04-05 17:08:21
afernandez,PQQ2L^$,2018-04-05 17:08:21
afernandez,u6^83dnx,2018-04-05 17:08:21
afernandez,h4E+Y4%Q,2018-04-05 17:06:50
afernandez,k7cFJDS,2018-04-05 10:16:22
afernandez,LW#bs?GhDjn%2R6,2018-04-05 11:25:45
afernandez,88gCv8E,2018-04-05 10:16:22
afernandez,5DDU@sMR,2018-04-05 13:31:33
afernandez,#2AX3W3,2018-04-05 11:25:45
afernandez,4@Jm5?GV,2018-04-05 21:52:11
afernandez,@K#P2TW,2018-04-05 21:52:11
afernandez,RxkeX9u,2018-04-05 10:16:21
afernandez,qN&^EYg,2018-04-05 21:52:11
afernandez,hF6DwDM,2018-04-05 11:25:45
afernandez,7Y9C3&W,2018-04-05 21:52:11
afernandez,XH7Ky&>b,2018-04-05 21:52:11
afernandez,>Y36F>M,2018-04-05 10:16:22
afernandez,5VDAX^~,2018-04-05 11:25:45
afernandez,&8p@,2018-04-05 17:08:21
afernandez,#55td>c$,2018-04-05 21:52:11
afernandez,emYuN$>3,2018-04-05 19:12:36
afernandez,Xe4?a@mV,2018-04-05 17:08:21
afernandez,&rkp5!3x,2018-04-05 21:52:11
afernandez,6@syz9#j,2018-04-05 11:25:45
afernandez,zqx&64rg,2018-04-05 21:52:11
afernandez,FKZF!ds,2018-04-05 21:52:11
afernandez,3p9%$Nj!EM&rEx?,2018-04-05 21:52:11
afernandez,ErP~Gj3B,2018-04-05 11:25:45
afernandez,>K#FaH8Y,2018-04-05 11:25:45
afernandez,dKYr8pE,2018-04-05 13:31:33
afernandez,36d5ud#w,2018-04-05 19:12:36
afernandez,4z%QC2!p,2018-04-05 17:08:21
afernandez,^6hdn9+8,2018-04-05 11:25:45
afernandez,qKX>jFM,2018-04-05 21:52:11
afernandez,sBJC>sR7,2018-04-05 13:31:33
afernandez,^^deq2n+,2018-04-05 13:31:33
afernandez,84aWLW4,2018-04-05 21:52:11
afernandez,+y%u7@?a,2018-04-05 21:52:11
afernandez,N@>$pSU,2018-04-05 11:25:45
afernandez,6bmtrk@^,2018-04-05 21:52:11
afernandez,fr!+$kt9,2018-04-05 21:52:11
afernandez,3@p$+ft%,2018-04-05 13:31:33
afernandez,cuyVBe2@,2018-04-05 09:14:15
afernandez,cN~M?~E7,2018-04-05 20:42:55
afernandez,B^7^&>V,2018-04-05 17:08:21
afernandez,E%uTWnW,2018-04-05 21:52:11
afernandez,5SFw5#~TCsjkEbq,2018-04-05 21:52:11
afernandez,X5$+#6>D,2018-04-05 17:08:21
afernandez,b8vy!856,2018-04-05 21:52:11
afernandez,jQ#DZy#,2018-04-05 13:31:33
afernandez,>~68sz5k,2018-04-05 10:16:22
afernandez,$3xx,2018-04-05 13:31:33
afernandez,6@5Sn2^P,2018-04-05 11:25:45
afernandez,hWLMMD3,2018-04-05 17:08:21
afernandez,V9~#CC?,2018-04-05 21:52:11
afernandez,?rdztq3h,2018-04-05 10:16:22
afernandez,?DH7Y7>,2018-04-05 13:31:33
afernandez,tb%w~E$,2018-04-05 11:25:45
afernandez,2YxP6TN,2018-04-05 11:25:45
afernandez,qdhe%RX,2018-04-05 11:25:45
afernandez,mP3kvZS,2018-04-05 11:25:45
afernandez,SM@+u@a,2018-04-05 21:52:11
afernandez,5fmde?~z,2018-04-05 10:16:22
afernandez,rBdbd5Z,2018-04-05 17:08:21
afernandez,~fmr#w4^,2018-04-05 13:31:33
afernandez,3waBVSd,2018-04-05 21:52:11
afernandez,?8f#,2018-04-05 21:52:11
afernandez,JGx#tq45,2018-04-05 21:52:11
afernandez,$h7J#!R+,2018-04-05 21:12:24
afernandez,??7bd7v^,2018-04-05 21:52:11
