MarÃ­a Sharapova,Bars and restaurants,36512
Augustus Caesar,Bars and restaurants,21837
Holly Valance,Bars and restaurants,18089
Charlemagne,Bars and restaurants,16977
Liu Xiang,Bars and restaurants,14400
Burn Gorman,Bars and restaurants,13530
Darren Lockyer,Bars and restaurants,12393
Julius Peppers,Bars and restaurants,12207
Bryan Cranston,Bars and restaurants,11291
Pericles,Bars and restaurants,10939
Malik Bendjelloul,Bars and restaurants,10937
Shaquille O'Neal,Bars and restaurants,10909
Amber Heard,Bars and restaurants,10695
Emma Watson,Bars and restaurants,10395
Scottie Pippen,Bars and restaurants,10348
TaShya Nixon,Bars and restaurants,9156
Hayden Herman,Bars and restaurants,8899
Derek Goodwin,Bars and restaurants,8321
Cyrus Savage,Bars and restaurants,7998
Troy Mullen,Bars and restaurants,7888
Kitra Carrillo,Bars and restaurants,7858
Brady Elliott,Bars and restaurants,7135
Nomlanga Gaines,Bars and restaurants,7045
Shelby Flynn,Bars and restaurants,6919
Colleen Collins,Bars and restaurants,6445
Cole Riley,Bars and restaurants,6357
Otto Mitchell,Bars and restaurants,6073
Basil Melton,Bars and restaurants,5727
Hannah Lambert,Bars and restaurants,5464
Chandler Tucker,Bars and restaurants,5347
Ebony Fischer,Bars and restaurants,5292
Reece Mills,Bars and restaurants,5268
Galena Cooper,Bars and restaurants,4927
Seth Sampson,Bars and restaurants,4891
Holmes Harrison,Bars and restaurants,4679
Adara Mcclain,Bars and restaurants,4340
Ina Smith,Bars and restaurants,3939
Kasimir Clayton,Bars and restaurants,3894
Brenna Ford,Bars and restaurants,3671
Silas Albert,Bars and restaurants,3635
Abra Carroll,Bars and restaurants,3260
Dustin Lloyd,Bars and restaurants,3229
Nola Graves,Bars and restaurants,3229
Zelda Blankenship,Bars and restaurants,3194
Whilemina Mills,Bars and restaurants,3193
Melinda Gregory,Bars and restaurants,3147
Sade Wilkerson,Bars and restaurants,3101
Anne Slater,Bars and restaurants,3002
Murphy Bartlett,Bars and restaurants,2943
Regina Gould,Bars and restaurants,2683
Aretha Wolfe,Bars and restaurants,2678
Maxine Rivera,Bars and restaurants,2374
Mari Barrera,Bars and restaurants,2294
Martha Howe,Bars and restaurants,2266
Keane Burke,Bars and restaurants,2201
Moses Cunningham,Bars and restaurants,2170
Hiroko Anthony,Bars and restaurants,2149
Ariana Mathews,Bars and restaurants,2119
Deacon Conway,Bars and restaurants,2082
Isabella Mckay,Bars and restaurants,2070
Alexander Moran,Bars and restaurants,2049
Colleen Snider,Bars and restaurants,1986
Mason Greene,Bars and restaurants,1973
Francesca Daugherty,Bars and restaurants,1877
Geraldine Heath,Bars and restaurants,1848
Tyler Franks,Bars and restaurants,1806
Yoshio Watts,Bars and restaurants,1806
Thaddeus Bennett,Bars and restaurants,1760
Lenore Hatfield,Bars and restaurants,1538
Vincent Fischer,Bars and restaurants,1474
Nelle Matthews,Bars and restaurants,1420
Hyatt Perkins,Bars and restaurants,1402
Rylee Ford,Bars and restaurants,1397
Michael Perry,Bars and restaurants,1390
August Aguirre,Bars and restaurants,1369
Cassady Garrison,Bars and restaurants,1335
Oren Bishop,Bars and restaurants,1321
Omar Russo,Bars and restaurants,1286
Colleen Foley,Bars and restaurants,1251
William Bennett,Bars and restaurants,1226
Odette Brock,Bars and restaurants,1224
Vernon Valdez,Bars and restaurants,1192
Delilah Greene,Bars and restaurants,1177
Uriel Vargas,Bars and restaurants,1165
Josiah Buck,Bars and restaurants,1159
Sylvia Erickson,Bars and restaurants,1127
Deborah Hunter,Bars and restaurants,1122
Hamilton Witt,Bars and restaurants,1115
Britanni Mooney,Bars and restaurants,1082
Piper Daugherty,Bars and restaurants,1078
Alexander Bell,Bars and restaurants,1068
Harriet Richards,Bars and restaurants,1055
Vivian Medina,Bars and restaurants,1033
Bert Lott,Bars and restaurants,1025
Larissa Spears,Bars and restaurants,1006
Jared Hopkins,Bars and restaurants,1004
Kirby Ingram,Bars and restaurants,989
Christopher Reid,Bars and restaurants,974
George Washington,Bars and restaurants,38776
Moctezuma I,Bars and restaurants,23960
Queen Victoria,Bars and restaurants,18935
Alfredo Di StÃ©fano,Bars and restaurants,17348
Catherine the Great,Bars and restaurants,13784
Kareem Benzema,Bars and restaurants,13322
Kiefer Ravena,Bars and restaurants,13219
Empress Jingu,Bars and restaurants,12819
"Maximilian I, Holy Roman Emperor",Bars and restaurants,12191
Sidney Crosby,Bars and restaurants,11896
Adrian Peterson,Bars and restaurants,11142
Manny Pacquiao,Bars and restaurants,11011
Xerxes the Great,Bars and restaurants,10767
Moctezuma I,Bars and restaurants,10116
Yvonne Marks,Bars and restaurants,9896
Dai Christian,Bars and restaurants,9793
Burton Gordon,Bars and restaurants,9221
Ali Rogers,Bars and restaurants,9021
Nash Duran,Bars and restaurants,8654
Lysandra Richard,Bars and restaurants,8302
Price Zimmerman,Bars and restaurants,7140
Gannon Medina,Bars and restaurants,6929
Jayme Alvarez,Bars and restaurants,6723
Teagan Andrews,Bars and restaurants,6531
Brady Bean,Bars and restaurants,6416
Alec Burgess,Bars and restaurants,6212
Rhoda Mullins,Bars and restaurants,5698
Amela Rivers,Bars and restaurants,5354
Oliver Beck,Bars and restaurants,5228
Linus Norman,Bars and restaurants,4974
Casey Wilder,Bars and restaurants,4389
Signe Steele,Bars and restaurants,4352
Portia Mathews,Bars and restaurants,4311
Hoyt Morgan,Bars and restaurants,3997
Lara Lynn,Bars and restaurants,3949
Martha Jones,Bars and restaurants,3863
Daria Chambers,Bars and restaurants,3775
Noah Nicholson,Bars and restaurants,3625
Silas Hester,Bars and restaurants,3505
Stone Knight,Bars and restaurants,3311
Clementine Allison,Bars and restaurants,3309
Ginger Joyner,Bars and restaurants,3306
Chadwick Hull,Bars and restaurants,3258
Isaiah Owen,Bars and restaurants,3235
Samson Owen,Bars and restaurants,3161
Harlan Higgins,Bars and restaurants,3101
Megan Merritt,Bars and restaurants,2805
Nissim Roth,Bars and restaurants,2728
Fitzgerald Alvarez,Bars and restaurants,2610
Baxter Hernandez,Bars and restaurants,2609
Jillian Chase,Bars and restaurants,2445
Myles Swanson,Bars and restaurants,2395
Emmanuel Herring,Bars and restaurants,2194
Chandler Conley,Bars and restaurants,1917
Elmo Gentry,Bars and restaurants,1869
Grace Barker,Bars and restaurants,1848
Melyssa Irwin,Bars and restaurants,1779
Aspen Middleton,Bars and restaurants,1777
Alfonso Lawson,Bars and restaurants,1740
Warren Rocha,Bars and restaurants,1740
Macon Clark,Bars and restaurants,1709
Erin Ellison,Bars and restaurants,1703
Jana Fowler,Bars and restaurants,1699
Halla Sanford,Bars and restaurants,1626
Quintessa Hart,Bars and restaurants,1580
Aquila Daugherty,Bars and restaurants,1538
Mariam Wolf,Bars and restaurants,1536
Daria Buckner,Bars and restaurants,1490
Hammett Mcconnell,Bars and restaurants,1485
Patrick Taylor,Bars and restaurants,1394
Cadman Stephens,Bars and restaurants,1385
Herman Head,Bars and restaurants,1364
Lillith Poole,Bars and restaurants,1299
Cedric Rice,Bars and restaurants,1271
Fulton Davenport,Bars and restaurants,1266
Marshall Campos,Bars and restaurants,1251
Alexa Walsh,Bars and restaurants,1249
Geoffrey Shields,Bars and restaurants,1241
Buckminster Wyatt,Bars and restaurants,1225
Madeson Sargent,Bars and restaurants,1223
Chester Ryan,Bars and restaurants,1220
Dale Cook,Bars and restaurants,1203
Imogene Gordon,Bars and restaurants,1198
Ebony Phillips,Bars and restaurants,1194
Jana Ferguson,Bars and restaurants,1163
Igor Watkins,Bars and restaurants,1152
Griffith Mccarty,Bars and restaurants,1141
Fatima Curry,Bars and restaurants,1125
Clinton Gallegos,Bars and restaurants,1121
Price Vazquez,Bars and restaurants,1118
Lucius Odom,Bars and restaurants,1097
Lydia Knox,Bars and restaurants,1084
Garth Gross,Bars and restaurants,1075
Quyn Talley,Bars and restaurants,1058
Marcia Owens,Bars and restaurants,1056
Claire Stuart,Bars and restaurants,1041
Ruth Sparks,Bars and restaurants,1022
Christen Hatfield,Bars and restaurants,1000
Forrest Joseph,Bars and restaurants,970
Tarantino,Bars and restaurants,29553
Forrest Gump,Bars and restaurants,21901
Paeng Nepomuceno,Bars and restaurants,15934
Natasha Richardson,Bars and restaurants,13268
Philip II of Macedon,Bars and restaurants,11773
William I.,Bars and restaurants,11243
Tim Tebow,Bars and restaurants,11232
Muttiah Muralitharan,Bars and restaurants,10517
Anna Paquin,Bars and restaurants,10250
Josh Hutcherson,Bars and restaurants,10032
Constance Franklin,Bars and restaurants,9297
Cailin Avery,Bars and restaurants,8971
Hillary Lyons,Bars and restaurants,8731
Justine Madden,Bars and restaurants,8614
Maryam Gray,Bars and restaurants,8529
Theodore Wynn,Bars and restaurants,7768
Hermione Carver,Bars and restaurants,7623
Jesse Gallagher,Bars and restaurants,7216
Abra Medina,Bars and restaurants,7211
Graiden Ray,Bars and restaurants,6560
Kato Myers,Bars and restaurants,6531
Mary Trevino,Bars and restaurants,6405
Remedios Nelson,Bars and restaurants,5986
Charity Acosta,Bars and restaurants,5508
Gray Walls,Bars and restaurants,5432
Otto Flores,Bars and restaurants,5125
Veronica Monroe,Bars and restaurants,4964
Jason Morrison,Bars and restaurants,4955
Myra Turner,Bars and restaurants,4880
Arthur Klein,Bars and restaurants,4835
Thaddeus Bauer,Bars and restaurants,4679
Stacy Gibson,Bars and restaurants,4468
Flavia Mullins,Bars and restaurants,4437
Chava Sandoval,Bars and restaurants,4117
Camille Fernandez,Bars and restaurants,3635
Martena Orr,Bars and restaurants,3476
Joshua Nielsen,Bars and restaurants,3119
Jeremy Mcpherson,Bars and restaurants,2914
Dillon Trevino,Bars and restaurants,2837
Martena Hinton,Bars and restaurants,2780
Dylan Mercer,Bars and restaurants,2750
Austin Richmond,Bars and restaurants,2657
Kasper Bowers,Bars and restaurants,2467
Aurora Cleveland,Bars and restaurants,2278
Gray Pruitt,Bars and restaurants,2218
Rigel Zamora,Bars and restaurants,1763
Lyle Buchanan,Bars and restaurants,1748
Caesar Marsh,Bars and restaurants,1724
Macy Phillips,Bars and restaurants,1653
Sonia Norris,Bars and restaurants,1621
Tamara Boone,Bars and restaurants,1621
Glenna Bray,Bars and restaurants,1543
Darius Kirby,Bars and restaurants,1531
Basil Harrison,Bars and restaurants,1504
Gannon Contreras,Bars and restaurants,1457
Lucian Slater,Bars and restaurants,1451
Tamara Lyons,Bars and restaurants,1421
Fredericka Craft,Bars and restaurants,1394
Erasmus Lyons,Bars and restaurants,1386
Leonard Newman,Bars and restaurants,1309
Zachary Mccullough,Bars and restaurants,1288
Kamal Moon,Bars and restaurants,1284
Edan Manning,Bars and restaurants,1274
Kylan Sellers,Bars and restaurants,1273
Mia Hess,Bars and restaurants,1272
Cameron Lowe,Bars and restaurants,1259
Tad Gould,Bars and restaurants,1249
Lee Short,Bars and restaurants,1231
Bethany Spencer,Bars and restaurants,1202
Luke Neal,Bars and restaurants,1191
Garth Underwood,Bars and restaurants,1182
Honorato David,Bars and restaurants,1176
Gillian Joseph,Bars and restaurants,1164
Amity Kinney,Bars and restaurants,1155
Nola Edwards,Bars and restaurants,1149
Shelly Walker,Bars and restaurants,1144
Moses Daniels,Bars and restaurants,1139
Ivory Marquez,Bars and restaurants,1085
Amery Gross,Bars and restaurants,1083
Orli Leon,Bars and restaurants,1073
Lesley Weiss,Bars and restaurants,1034
Fuller Joseph,Bars and restaurants,996
Nerea Donovan,Bars and restaurants,925
Dalton Barlow,Bars and restaurants,925
Charissa Banks,Bars and restaurants,924
Justina Richardson,Bars and restaurants,922
Charissa Little,Bars and restaurants,914
Leroy Cooley,Bars and restaurants,904
Cody Thompson,Bars and restaurants,882
Richard Faulkner,Bars and restaurants,828
Queen Victoria,Bars and restaurants,36109
Lynn Carney,Bars and restaurants,19810
Lamar Baird,Bars and restaurants,15745
Alexandra Becker,Bars and restaurants,13808
Dieter Montoya,Bars and restaurants,12563
Madison Robles,Bars and restaurants,12325
Richard Petty,Bars and restaurants,12166
Eric the Red,Bars and restaurants,12027
Nicol David,Bars and restaurants,11422
Willie Mays,Bars and restaurants,11369
Cleopatra,Bars and restaurants,10971
Phil Taylor,Bars and restaurants,10510
Quaid-e-Azam Muhammad Ali Jinnah,Bars and restaurants,9543
Dave Winfield,Bars and restaurants,9269
Eva Green,Bars and restaurants,8780
Ho Chi Minh,Bars and restaurants,8498
Hammurabi,Bars and restaurants,7711
Larry Bird,Bars and restaurants,7607
Cheryl Duke,Bars and restaurants,7588
Joy Patterson,Bars and restaurants,7543
Jorden Pope,Bars and restaurants,7402
Conan Bell,Bars and restaurants,6882
Lilah Lindsay,Bars and restaurants,6575
Zahir Craft,Bars and restaurants,6520
Candice Paul,Bars and restaurants,6328
Kristen Matthews,Bars and restaurants,6172
Mariam Pratt,Bars and restaurants,6006
Tanya Morris,Bars and restaurants,5964
TaShya Nixon,Bars and restaurants,5376
Hayden Herman,Bars and restaurants,4941
Derek Goodwin,Bars and restaurants,4718
Cyrus Savage,Bars and restaurants,4177
Troy Mullen,Bars and restaurants,4054
Kitra Carrillo,Bars and restaurants,3998
Brady Elliott,Bars and restaurants,3969
Nomlanga Gaines,Bars and restaurants,3917
Shelby Flynn,Bars and restaurants,3685
Colleen Collins,Bars and restaurants,3520
Cole Riley,Bars and restaurants,3411
Otto Mitchell,Bars and restaurants,3222
Basil Melton,Bars and restaurants,3197
Hannah Lambert,Bars and restaurants,3187
Chandler Tucker,Bars and restaurants,2968
Ebony Fischer,Bars and restaurants,2792
Reece Mills,Bars and restaurants,2768
Galena Cooper,Bars and restaurants,2734
Seth Sampson,Bars and restaurants,2706
Holmes Harrison,Bars and restaurants,2467
Adara Mcclain,Bars and restaurants,2405
Ina Smith,Bars and restaurants,2316
Kasimir Clayton,Bars and restaurants,2309
Brenna Ford,Bars and restaurants,2259
Silas Albert,Bars and restaurants,2248
Abra Carroll,Bars and restaurants,2237
Dustin Lloyd,Bars and restaurants,2236
Nola Graves,Bars and restaurants,2213
Zelda Blankenship,Bars and restaurants,2209
Whilemina Mills,Bars and restaurants,2206
Melinda Gregory,Bars and restaurants,2191
Sade Wilkerson,Bars and restaurants,2093
Anne Slater,Bars and restaurants,2089
Murphy Bartlett,Bars and restaurants,1993
Regina Gould,Bars and restaurants,1879
Aretha Wolfe,Bars and restaurants,1865
Maxine Rivera,Bars and restaurants,1746
Mari Barrera,Bars and restaurants,1516
Martha Howe,Bars and restaurants,1467
Keane Burke,Bars and restaurants,1450
Moses Cunningham,Bars and restaurants,1448
Hiroko Anthony,Bars and restaurants,1372
Ariana Mathews,Bars and restaurants,1342
Deacon Conway,Bars and restaurants,1330
Isabella Mckay,Bars and restaurants,1312
Alexander Moran,Bars and restaurants,1304
Colleen Snider,Bars and restaurants,1290
Mason Greene,Bars and restaurants,1279
Francesca Daugherty,Bars and restaurants,1279
Geraldine Heath,Bars and restaurants,1274
Tyler Franks,Bars and restaurants,1273
Yoshio Watts,Bars and restaurants,1228
Thaddeus Bennett,Bars and restaurants,1221
Lenore Hatfield,Bars and restaurants,1209
Vincent Fischer,Bars and restaurants,1166
Nelle Matthews,Bars and restaurants,1166
Hyatt Perkins,Bars and restaurants,1147
Rylee Ford,Bars and restaurants,1146
Michael Perry,Bars and restaurants,1132
August Aguirre,Bars and restaurants,1073
Cassady Garrison,Bars and restaurants,1067
Oren Bishop,Bars and restaurants,1061
Omar Russo,Bars and restaurants,1043
Colleen Foley,Bars and restaurants,1037
William Bennett,Bars and restaurants,1017
Odette Brock,Bars and restaurants,1007
Vernon Valdez,Bars and restaurants,991
Delilah Greene,Bars and restaurants,989
Uriel Vargas,Bars and restaurants,986
Josiah Buck,Bars and restaurants,971
Brad Pitt,Bars and restaurants,36962
Napoleon Bonaparte,Bars and restaurants,24673
Hamilton Witt,Bars and restaurants,15031
Britanni Mooney,Bars and restaurants,14975
Piper Daugherty,Bars and restaurants,13744
Alexander Bell,Bars and restaurants,13324
Arminius,Bars and restaurants,11810
Tom Brady,Bars and restaurants,10809
Odette Annable,Bars and restaurants,10624
James Monroe,Bars and restaurants,10307
Billie Piper,Bars and restaurants,9979
Arian Foster,Bars and restaurants,9575
Rose Leslie,Bars and restaurants,9285
George Lucas,Bars and restaurants,9233
Bruce Jenner,Bars and restaurants,9221
Fidel Castro,Bars and restaurants,8769
Jeanette Dyer,Bars and restaurants,8715
Bianca Fitzgerald,Bars and restaurants,8571
Claire Cruz,Bars and restaurants,7385
Louis Lee,Bars and restaurants,7375
Cassady Quinn,Bars and restaurants,7342
Chloe Dejesus,Bars and restaurants,7228
Brynn Sullivan,Bars and restaurants,6440
Shelby Morin,Bars and restaurants,6398
Lael Tillman,Bars and restaurants,5687
Sigourney Castaneda,Bars and restaurants,5657
Melissa Mcneil,Bars and restaurants,5609
Yvonne Marks,Bars and restaurants,5574
Dai Christian,Bars and restaurants,5364
Burton Gordon,Bars and restaurants,5050
Ali Rogers,Bars and restaurants,4582
Nash Duran,Bars and restaurants,4511
Lysandra Richard,Bars and restaurants,4422
Price Zimmerman,Bars and restaurants,4350
Gannon Medina,Bars and restaurants,4293
Jayme Alvarez,Bars and restaurants,4261
Teagan Andrews,Bars and restaurants,3814
Brady Bean,Bars and restaurants,3558
Alec Burgess,Bars and restaurants,3544
Rhoda Mullins,Bars and restaurants,3494
Amela Rivers,Bars and restaurants,3292
Oliver Beck,Bars and restaurants,3191
Linus Norman,Bars and restaurants,3173
Casey Wilder,Bars and restaurants,3090
Signe Steele,Bars and restaurants,2450
Portia Mathews,Bars and restaurants,2379
Hoyt Morgan,Bars and restaurants,2136
Lara Lynn,Bars and restaurants,2074
Martha Jones,Bars and restaurants,2033
Daria Chambers,Bars and restaurants,2027
Noah Nicholson,Bars and restaurants,1985
Silas Hester,Bars and restaurants,1982
Stone Knight,Bars and restaurants,1980
Clementine Allison,Bars and restaurants,1859
Ginger Joyner,Bars and restaurants,1720
Chadwick Hull,Bars and restaurants,1689
Isaiah Owen,Bars and restaurants,1653
Samson Owen,Bars and restaurants,1651
Harlan Higgins,Bars and restaurants,1631
Megan Merritt,Bars and restaurants,1614
Nissim Roth,Bars and restaurants,1608
Fitzgerald Alvarez,Bars and restaurants,1574
Baxter Hernandez,Bars and restaurants,1511
Jillian Chase,Bars and restaurants,1475
Myles Swanson,Bars and restaurants,1449
Emmanuel Herring,Bars and restaurants,1444
Chandler Conley,Bars and restaurants,1430
Elmo Gentry,Bars and restaurants,1407
Grace Barker,Bars and restaurants,1395
Melyssa Irwin,Bars and restaurants,1381
Aspen Middleton,Bars and restaurants,1337
Alfonso Lawson,Bars and restaurants,1308
Warren Rocha,Bars and restaurants,1307
Macon Clark,Bars and restaurants,1299
Erin Ellison,Bars and restaurants,1237
Jana Fowler,Bars and restaurants,1221
Halla Sanford,Bars and restaurants,1215
Quintessa Hart,Bars and restaurants,1181
Aquila Daugherty,Bars and restaurants,1180
Mariam Wolf,Bars and restaurants,1163
Daria Buckner,Bars and restaurants,1146
Hammett Mcconnell,Bars and restaurants,1138
Patrick Taylor,Bars and restaurants,1132
Cadman Stephens,Bars and restaurants,1122
Herman Head,Bars and restaurants,1121
Lillith Poole,Bars and restaurants,1119
Cedric Rice,Bars and restaurants,1110
Fulton Davenport,Bars and restaurants,1077
Marshall Campos,Bars and restaurants,1066
Alexa Walsh,Bars and restaurants,1059
Geoffrey Shields,Bars and restaurants,1022
Buckminster Wyatt,Bars and restaurants,1001
Madeson Sargent,Bars and restaurants,988
Chester Ryan,Bars and restaurants,979
Dale Cook,Bars and restaurants,967
Imogene Gordon,Bars and restaurants,956
Donald Trump,Bars and restaurants,40254
Brad Pitt,Bars and restaurants,22148
Igor Watkins,Bars and restaurants,15397
Griffith Mccarty,Bars and restaurants,14129
Fatima Curry,Bars and restaurants,12265
Clinton Gallegos,Bars and restaurants,11931
Thierry Henry,Bars and restaurants,11470
Vanessa Hudgens,Bars and restaurants,10543
James Marsden,Bars and restaurants,10501
Joan of Arc,Bars and restaurants,9858
Derrick Rose,Bars and restaurants,9833
atilla the hun,Bars and restaurants,9559
David Beckham,Bars and restaurants,9330
Winston Churchill,Bars and restaurants,9262
Pepin the Short,Bars and restaurants,9235
Forrest Joseph,Bars and restaurants,9130
Malik Salinas,Bars and restaurants,9097
Kibo Robertson,Bars and restaurants,8219
Bruno Banks,Bars and restaurants,8040
Megan Gilmore,Bars and restaurants,7525
Drake Woods,Bars and restaurants,7421
Solomon Dawson,Bars and restaurants,6979
Nevada Spears,Bars and restaurants,6974
David Fox,Bars and restaurants,6552
Tana Oneill,Bars and restaurants,6454
Sigourney Walker,Bars and restaurants,6279
Constance Franklin,Bars and restaurants,5848
Cailin Avery,Bars and restaurants,5780
Hillary Lyons,Bars and restaurants,5705
Justine Madden,Bars and restaurants,4900
Maryam Gray,Bars and restaurants,4630
Theodore Wynn,Bars and restaurants,4369
Hermione Carver,Bars and restaurants,4076
Jesse Gallagher,Bars and restaurants,3926
Abra Medina,Bars and restaurants,3924
Graiden Ray,Bars and restaurants,3772
Kato Myers,Bars and restaurants,3362
Mary Trevino,Bars and restaurants,3166
Remedios Nelson,Bars and restaurants,3122
Charity Acosta,Bars and restaurants,2914
Gray Walls,Bars and restaurants,2843
Otto Flores,Bars and restaurants,2822
Veronica Monroe,Bars and restaurants,2757
Jason Morrison,Bars and restaurants,2703
Myra Turner,Bars and restaurants,2687
Arthur Klein,Bars and restaurants,2583
Thaddeus Bauer,Bars and restaurants,2538
Stacy Gibson,Bars and restaurants,2488
Flavia Mullins,Bars and restaurants,2326
Chava Sandoval,Bars and restaurants,2206
Camille Fernandez,Bars and restaurants,2112
Martena Orr,Bars and restaurants,2024
Joshua Nielsen,Bars and restaurants,1864
Jeremy Mcpherson,Bars and restaurants,1845
Dillon Trevino,Bars and restaurants,1830
Martena Hinton,Bars and restaurants,1819
Dylan Mercer,Bars and restaurants,1737
Austin Richmond,Bars and restaurants,1728
Kasper Bowers,Bars and restaurants,1667
Aurora Cleveland,Bars and restaurants,1636
Gray Pruitt,Bars and restaurants,1584
Rigel Zamora,Bars and restaurants,1571
Lyle Buchanan,Bars and restaurants,1561
Caesar Marsh,Bars and restaurants,1507
Macy Phillips,Bars and restaurants,1483
Sonia Norris,Bars and restaurants,1468
Tamara Boone,Bars and restaurants,1465
Glenna Bray,Bars and restaurants,1459
Darius Kirby,Bars and restaurants,1423
Basil Harrison,Bars and restaurants,1400
Gannon Contreras,Bars and restaurants,1392
Lucian Slater,Bars and restaurants,1380
Tamara Lyons,Bars and restaurants,1323
Fredericka Craft,Bars and restaurants,1297
Erasmus Lyons,Bars and restaurants,1284
Leonard Newman,Bars and restaurants,1281
Zachary Mccullough,Bars and restaurants,1265
Kamal Moon,Bars and restaurants,1254
Edan Manning,Bars and restaurants,1251
Kylan Sellers,Bars and restaurants,1245
Mia Hess,Bars and restaurants,1241
Cameron Lowe,Bars and restaurants,1228
Tad Gould,Bars and restaurants,1204
Lee Short,Bars and restaurants,1181
Bethany Spencer,Bars and restaurants,1116
Luke Neal,Bars and restaurants,1099
Garth Underwood,Bars and restaurants,1041
Honorato David,Bars and restaurants,1032
Gillian Joseph,Bars and restaurants,939
Amity Kinney,Bars and restaurants,934
Nola Edwards,Bars and restaurants,920
Shelly Walker,Bars and restaurants,916
Moses Daniels,Bars and restaurants,914
Ivory Marquez,Bars and restaurants,913
Amery Gross,Bars and restaurants,912
Orli Leon,Bars and restaurants,934
Lesley Weiss,Bars and restaurants,920
Fuller Joseph,Bars and restaurants,916
Nerea Donovan,Bars and restaurants,914
Dalton Barlow,Bars and restaurants,913
Charissa Banks,Bars and restaurants,912
